{
  "$schema": "./node_modules/@stryker-mutator/core/schema/stryker-schema.json",  
  "mutate": [
    "src/controllers/*.ts",
    "src/daos/*.ts",
    "src/mappers/*.ts",
    "src/services/*.ts",
    "src/routers/*.ts"
  ],
  
  "mutator": {
    "plugins": [
      "classProperties"
    ],
    "excludedMutations": [
      "StringLiteral"
    ]
  },
  "tsconfigFile": "tsconfig.json",
  "buildCommand": "npm run build",
  "cleanTempDir": false,
  "commandRunner": {
    "command": "npm run test"
  },
  "testRunner": "jest",
  "reporters": [
    "progress",
    "clear-text",
    "html",
    "dashboard"
  ],
  "coverageAnalysis": "perTest",
  "tempDirName": "artifacts/stryker-tmp",
  "jest": {
    "projectType": "custom"
  },
  "ignorePatterns": [
    "dist",
    "artifacts",
    ".husky",
    "node_modules"
  ]
}
