{
	"info": {
		"_postman_id": "c4ac6b26-0c37-4d32-ba3b-4212c001ca93",
		"name": "Leap cart",
		"schema": "https://schema.getpostman.com/json/collection/v2.1.0/collection.json"
	},
	"item": [
		{
			"name": "Add to cart (new cart)",
			"request": {
				"method": "POST",
				"header": [],
				"body": {
					"mode": "raw",
					"raw": "\n{\n    \"cartId\":\"\",\n    \"lineItems\": \n    {\n        \"channelkey\":\"DC-RO\",\n        \"sku\": \"106826-9161866660405752377\",\n        \"quantity\":1\n    }\n}\n",
					"options": {
						"raw": {
							"language": "json"
						}
					}
				},
				"url": {
					"raw": "localhost:3001/api/v1/ro-RO/carts/",
					"host": [
						"localhost"
					],
					"port": "3001",
					"path": [
						"api",
						"v1",
						"ro-RO",
						"carts",
						""
					]
				}
			},
			"response": []
		}
	]
}