{
  "results": [
    {
      "@name": "Masc--gel-pentru-ochi-cu-extract-de-caviar",
      "@path": "/ro/Masc--gel-pentru-ochi-cu-extract-de-caviar",
      "@id": "0782d5e0-2bc9-4202-b7d4-4bcb6c31d03f",
      "@nodeType": "mgnl:content",
      "mgnl:createdBy": "superuser",
      "jcr:createdBy": "admin",
      "category": "{\"definitionName\":\"commercetools\",\"connectionName\":\"avon-ro-v2\",\"categoryId\":\"3a2ed33a-19de-4af5-a86a-4cd7e51c7344\",\"productId\":\"5f9fffdc-0caf-4930-a1be-0f166f7f86ea\"}",
      "product": "{\"definitionName\":\"commercetools\",\"connectionName\":\"avon-ro-v2\",\"categoryId\":\"d901811d-0f91-4012-8d1a-14b4bf519005\",\"productId\":\"9e02eacb-1fe5-4476-b184-0c117ba6483d\"}",
      "name": "Masc?-gel pentru ochi cu extract de caviar",
      "mgnl:lastModified": "2022-02-15T16:44:58.760+05:30",
      "jcr:created": "2022-02-15T17:41:51.472+05:30",
      "mgnl:created": "2022-02-15T17:41:51.472+05:30",
      "mgnl:lastModifiedBy": "superuser",
      "productDetail": {
        "@name": "productDetail",
        "@path": "/ro/Masc--gel-pentru-ochi-cu-extract-de-caviar/productDetail",
        "@id": "6b171779-f937-4362-aad2-4ae0d01cf10d",
        "@nodeType": "mgnl:contentNode",
        "mgnl:createdBy": "superuser",
        "jcr:createdBy": "admin",
        "mgnl:lastModified": "2022-02-15T17:54:26.434+05:30",
        "jcr:created": "2022-02-15T17:41:51.473+05:30",
        "mgnl:lastModifiedBy": "superuser",
        "mgnl:created": "2022-02-15T16:44:58.866+05:30",
        "howTo": {
          "@name": "howTo",
          "@path": "/ro/Masc--gel-pentru-ochi-cu-extract-de-caviar/productDetail/howTo",
          "@id": "f5c86344-7f34-4802-9b33-c0e713d5936d",
          "@nodeType": "mgnl:contentNode",
          "mgnl:createdBy": "superuser",
          "jcr:createdBy": "admin",
          "mgnl:lastModified": "2022-02-15T17:54:26.432+05:30",
          "jcr:created": "2022-02-15T17:41:51.473+05:30",
          "mgnl:created": "2022-02-15T16:44:58.867+05:30",
          "mgnl:lastModifiedBy": "superuser",
          "howToContent": {
            "@name": "howToContent",
            "@path": "/ro/Masc--gel-pentru-ochi-cu-extract-de-caviar/productDetail/howTo/howToContent",
            "@id": "d130ecfd-9884-4107-9c4f-366bdac7a46e",
            "@nodeType": "mgnl:contentNode",
            "mgnl:createdBy": "superuser",
            "jcr:createdBy": "admin",
            "mgnl:lastModified": "2022-02-15T17:54:26.432+05:30",
            "jcr:created": "2022-02-15T17:41:51.473+05:30",
            "mgnl:lastModifiedBy": "superuser",
            "mgnl:created": "2022-02-15T16:44:58.867+05:30",
            "howToContent0": {
              "@name": "howToContent0",
              "@path": "/ro/Masc--gel-pentru-ochi-cu-extract-de-caviar/productDetail/howTo/howToContent/howToContent0",
              "@id": "adf61c4f-f3e7-4289-96ff-4cc42026f425",
              "@nodeType": "mgnl:contentNode",
              "mgnl:createdBy": "superuser",
              "jcr:createdBy": "admin",
              "imageTitle": "Plump and pamper",
              "mgnl:lastModified": "2022-02-15T17:54:26.432+05:30",
              "imageDescription": "Pamper your lips with Beyond Color Lipstick for your dream pout.",
              "imageUrl": "https://www.avon.com/assets/product/en/lg/PROD_1202606_2.jpg",
              "jcr:created": "2022-02-15T17:52:50.926+05:30",
              "mgnl:lastModifiedBy": "superuser",
              "mgnl:created": "2022-02-15T17:52:50.927+05:30",
              "@nodes": []
            },
            "howToContent1": {
              "@name": "howToContent1",
              "@path": "/ro/Masc--gel-pentru-ochi-cu-extract-de-caviar/productDetail/howTo/howToContent/howToContent1",
              "@id": "ba893d2d-b79f-4d01-a28d-52c64ff534e8",
              "@nodeType": "mgnl:contentNode",
              "mgnl:createdBy": "superuser",
              "jcr:createdBy": "admin",
              "imageTitle": "Plump and pamper",
              "mgnl:lastModified": "2022-02-15T17:54:26.429+05:30",
              "imageDescription": "Pamper your lips with Beyond Color Lipstick for your dream pout.",
              "jcr:created": "2022-02-15T17:54:26.429+05:30",
              "imageUrl": "https://www.avon.com/assets/product/en/lg/33355bf5-e866-4ca2-81ff-5006022fb2b0.jpg",
              "mgnl:created": "2022-02-15T17:54:26.429+05:30",
              "mgnl:lastModifiedBy": "superuser",
              "@nodes": []
            },
            "@nodes": ["howToContent0", "howToContent1"]
          },
          "@nodes": ["howToContent"]
        },
        "look": {
          "@name": "look",
          "@path": "/ro/Masc--gel-pentru-ochi-cu-extract-de-caviar/productDetail/look",
          "@id": "310f147a-57ca-4224-b59e-b44717c7f157",
          "@nodeType": "mgnl:contentNode",
          "mgnl:createdBy": "superuser",
          "jcr:createdBy": "admin",
          "mgnl:lastModified": "2022-02-15T17:54:26.434+05:30",
          "jcr:created": "2022-02-15T17:41:51.473+05:30",
          "mgnl:created": "2022-02-15T16:44:58.867+05:30",
          "mgnl:lastModifiedBy": "superuser",
          "lookContent": {
            "@name": "lookContent",
            "@path": "/ro/Masc--gel-pentru-ochi-cu-extract-de-caviar/productDetail/look/lookContent",
            "@id": "f3f3cc3e-5037-4dda-866b-ddc4c0d244e3",
            "@nodeType": "mgnl:contentNode",
            "description": "Lorem ipsum dolor sit amet, consectetur adipiscing elit. Praesent a lorem diam. Nunc sed est rutrum eros varius laoreet nec eget elit. Maecenas mollis leo at quam ultrices, quis iaculis sapien iaculis. Vestibulum ante ipsum primis in faucibus orci luctus et ultrices posuere cubilia curae",
            "mgnl:createdBy": "superuser",
            "jcr:createdBy": "admin",
            "title": "LONG LASTING  |  GREAT COVERAGE  |  BEAUTIFUL FINISH  |  GOOD TEXTURE ",
            "mgnl:lastModified": "2022-02-15T17:54:26.434+05:30",
            "jcr:created": "2022-02-15T17:41:51.474+05:30",
            "mgnl:created": "2022-02-15T16:44:58.868+05:30",
            "mgnl:lastModifiedBy": "superuser",
            "lookImages": {
              "@name": "lookImages",
              "@path": "/ro/Masc--gel-pentru-ochi-cu-extract-de-caviar/productDetail/look/lookContent/lookImages",
              "@id": "83e25555-9056-40a2-b2d1-07457aecd0f7",
              "@nodeType": "mgnl:contentNode",
              "mgnl:createdBy": "superuser",
              "jcr:createdBy": "admin",
              "mgnl:lastModified": "2022-02-15T17:54:26.434+05:30",
              "jcr:created": "2022-02-15T17:41:51.474+05:30",
              "mgnl:lastModifiedBy": "superuser",
              "mgnl:created": "2022-02-15T16:44:58.868+05:30",
              "lookImages0": {
                "@name": "lookImages0",
                "@path": "/ro/Masc--gel-pentru-ochi-cu-extract-de-caviar/productDetail/look/lookContent/lookImages/lookImages0",
                "@id": "e870eb9e-2916-4411-b5ec-2edc5c992461",
                "@nodeType": "mgnl:contentNode",
                "mgnl:createdBy": "superuser",
                "jcr:createdBy": "admin",
                "image1": "https://www.avon.com/assets/product/en/lg/PROD_1203059_2.jpg",
                "image2": "https://www.avon.com/assets/product/en/lg/882d2667-97bd-4b21-a309-f18ec114d78c.jpg",
                "mgnl:lastModified": "2022-02-15T17:54:26.434+05:30",
                "jcr:created": "2022-02-15T17:52:51.137+05:30",
                "mgnl:created": "2022-02-15T17:52:51.137+05:30",
                "mgnl:lastModifiedBy": "superuser",
                "@nodes": []
              },
              "@nodes": ["lookImages0"]
            },
            "@nodes": ["lookImages"]
          },
          "@nodes": ["lookContent"]
        },
        "@nodes": ["howTo", "look"]
      },
      "@nodes": ["productDetail"]
    }
  ]
}
