{
	"info": {
		"_postman_id": "7e525dcd-c910-4e8a-a241-1618d8d142f9",
		"name": "leap-bff-product-listing Copy 4",
		"schema": "https://schema.getpostman.com/json/collection/v2.1.0/collection.json",
		"_exporter_id": "18734951"
	},
	"item": [
		{
			"name": "Add product into cart",
			"request": {
				"method": "POST",
				"header": [
					{
						"key": "channelkey",
						"value": "DC-RO",
						"type": "text"
					}
				],
				"body": {
					"mode": "raw",
					"raw": "{\r\n    \"anonymousId\": \"365db8fd-2e37-4847-aec9-3aba2fc3b0bb\"\r\n}",
					"options": {
						"raw": {
							"language": "json"
						}
					}
				},
				"url": {
					"raw": "http://localhost:3000/api/v1/ro-RO/carts",
					"protocol": "http",
					"host": [
						"localhost"
					],
					"port": "3000",
					"path": [
						"api",
						"v1",
						"ro-RO",
						"carts"
					]
				}
			},
			"response": []
		},
		{
			"name": "Get search page",
			"request": {
				"method": "GET",
				"header": [
					{
						"key": "channelKey",
						"value": "DC-RO",
						"type": "text"
					},
					{
						"key": "isPreview",
						"value": "true",
						"type": "text"
					},
					{
						"key": "ispage",
						"value": "true",
						"type": "text"
					},
					{
						"key": "sessionkey",
						"value": "*******",
						"type": "text"
					},
					{
						"key": "customerkey",
						"value": "******",
						"type": "text"
					}
				],
				"url": {
					"raw": "{{localhost}}product-listing/v1/ro-ro/products/search?page=1&rootCategory=root&selectedCategory=root&sortBy=relevance&maxProducts=10&maxFacets=10&depth=1&facets=brand:Anew%7cAvon%20True%20Nutra%20Effects&searchPhrase=anew&path=Global,CEE",
					"host": [
						"{{localhost}}product-listing"
					],
					"path": [
						"v1",
						"ro-ro",
						"products",
						"search"
					],
					"query": [
						{
							"key": "page",
							"value": "1"
						},
						{
							"key": "rootCategory",
							"value": "root"
						},
						{
							"key": "selectedCategory",
							"value": "root"
						},
						{
							"key": "sortBy",
							"value": "relevance"
						},
						{
							"key": "maxProducts",
							"value": "10"
						},
						{
							"key": "maxFacets",
							"value": "10"
						},
						{
							"key": "depth",
							"value": "1"
						},
						{
							"key": "facets",
							"value": "brand:Anew%7cAvon%20True%20Nutra%20Effects"
						},
						{
							"key": "searchPhrase",
							"value": "anew"
						},
						{
							"key": "facets",
							"value": "brand:Avon Care Sun+",
							"disabled": true
						},
						{
							"key": "path",
							"value": "Global,CEE"
						}
					]
				}
			},
			"response": []
		},
		{
			"name": "Get category page",
			"request": {
				"method": "GET",
				"header": [
					{
						"key": "channelKey",
						"value": "DC-RO",
						"type": "text"
					},
					{
						"key": "isPreview",
						"value": "true",
						"type": "text"
					},
					{
						"key": "ispage",
						"value": "true",
						"type": "text"
					},
					{
						"key": "sessionkey",
						"value": "*******",
						"type": "text"
					},
					{
						"key": "customerkey",
						"value": "******",
						"type": "text"
					}
				],
				"url": {
					"raw": "{{localhost}}product-listing/v1/ro-RO/products/category?rootCategory=302&selectedCategory=302&maxProducts=500&maxFacets=100&sortBy=title%20asc&windowLastRecommendations=5&windowFirstRecommendations=1&depth=1&filter=market%3A%27AVONSHOP_RO-RO%27&page=1&facets=brand:Avon True%7cAvon True Nutra Effects%7cCannabis Sativa&path=Global,CEE",
					"host": [
						"{{localhost}}product-listing"
					],
					"path": [
						"v1",
						"ro-RO",
						"products",
						"category"
					],
					"query": [
						{
							"key": "rootCategory",
							"value": "302"
						},
						{
							"key": "selectedCategory",
							"value": "302"
						},
						{
							"key": "maxProducts",
							"value": "500"
						},
						{
							"key": "maxFacets",
							"value": "100"
						},
						{
							"key": "sortBy",
							"value": "title%20asc"
						},
						{
							"key": "windowLastRecommendations",
							"value": "5"
						},
						{
							"key": "windowFirstRecommendations",
							"value": "1"
						},
						{
							"key": "depth",
							"value": "1"
						},
						{
							"key": "filter",
							"value": "market%3A%27AVONSHOP_RO-RO%27"
						},
						{
							"key": "page",
							"value": "1"
						},
						{
							"key": "facets",
							"value": "brand:Avon True%7cAvon True Nutra Effects%7cCannabis Sativa"
						},
						{
							"key": "path",
							"value": "Global,CEE"
						}
					]
				}
			},
			"response": []
		},
		{
			"name": "product-notifications",
			"request": {
				"method": "POST",
				"header": [
					{
						"key": "sessionKey",
						"value": "xxxx",
						"type": "text"
					},
					{
						"key": "customerKey",
						"value": "xxxx",
						"type": "text"
					}
				],
				"body": {
					"mode": "raw",
					"raw": "{\n    \"productKey\": \"xxxxx\",\n    \"variantKey\": \"xxxxx-xxxxxx\"\n}",
					"options": {
						"raw": {
							"language": "json"
						}
					}
				},
				"url": {
					"raw": "localhost:3002/product-listing/v1/ro-RO/notifications/product",
					"host": [
						"localhost"
					],
					"port": "3002",
					"path": [
						"product-listing",
						"v1",
						"ro-RO",
						"notifications",
						"product"
					]
				}
			},
			"response": []
		},
		{
			"name": "adding-to-cart-notifications",
			"request": {
				"method": "POST",
				"header": [
					{
						"key": "sessionKey",
						"value": "xxxxxxx",
						"type": "text"
					},
					{
						"key": "customerKey",
						"value": "xxxxx",
						"type": "text"
					}
				],
				"body": {
					"mode": "raw",
					"raw": "{\n    \"productKey\": \"xxxx\",\n    \"variantKey\": \"xxxx-xxxxxxxx\"\n}",
					"options": {
						"raw": {
							"language": "json"
						}
					}
				},
				"url": {
					"raw": "localhost:3002/product-listing/v1/ro-RO/notifications/adding-to-cart",
					"host": [
						"localhost"
					],
					"port": "3002",
					"path": [
						"product-listing",
						"v1",
						"ro-RO",
						"notifications",
						"adding-to-cart"
					]
				}
			},
			"response": []
		},
		{
			"name": "create anonymous session",
			"request": {
				"auth": {
					"type": "noauth"
				},
				"method": "POST",
				"header": [],
				"url": {
					"raw": "{{local}}/product-listing/v1/ro-RO/anonymous",
					"host": [
						"{{local}}"
					],
					"path": [
						"product-listing",
						"v1",
						"ro-RO",
						"anonymous"
					]
				}
			},
			"response": []
		},
		{
			"name": "get refresh token",
			"request": {
				"method": "POST",
				"header": [
					{
						"key": "refreshtoken",
						"value": "avonshop-ct-ro-dev:G0BU-Mnr2LZPlfZkYVA6iztzaoLpZQgZLtTaVn2kihk",
						"type": "text"
					}
				],
				"body": {
					"mode": "raw",
					"raw": "",
					"options": {
						"raw": {
							"language": "json"
						}
					}
				},
				"url": {
					"raw": "{{dev}}/product-listing/v1/ro-RO/refresh-token",
					"host": [
						"{{dev}}"
					],
					"path": [
						"product-listing",
						"v1",
						"ro-RO",
						"refresh-token"
					]
				}
			},
			"response": []
		}
	]
}