{
	"info": {
		"_postman_id": "407e7a1c-6f01-4c0a-a7b5-bb888b3d8da8",
		"name": "leap-bff-offers Copy 2",
		"schema": "https://schema.getpostman.com/json/collection/v2.1.0/collection.json",
		"_exporter_id": "18734951"
	},
	"item": [
		{
			"name": "get-offer",
			"request": {
				"method": "GET",
				"header": [
					{
						"key": "channelKey",
						"value": "DC-RO",
						"type": "text"
					},
					{
						"key": "isPreview",
						"value": "true",
						"type": "text"
					},
					{
						"key": "sessionkey",
						"value": "******",
						"type": "text"
					},
					{
						"key": "customerkey",
						"value": "*****",
						"type": "text"
					},
					{
						"key": "isPage",
						"value": "true",
						"type": "text"
					},
					{
						"key": "isPreview",
						"value": "true",
						"type": "text",
						"disabled": true
					},
					{
						"key": "page",
						"value": "1",
						"type": "text",
						"disabled": true
					}
				],
				"url": {
					"raw": "{{localhost}}offer/v1/ro-RO/?page=1&path=Global,CEE",
					"host": [
						"{{localhost}}offer"
					],
					"path": [
						"v1",
						"ro-RO",
						""
					],
					"query": [
						{
							"key": "page",
							"value": "1"
						},
						{
							"key": "path",
							"value": "Global,CEE"
						},
						{
							"key": "offerFacet",
							"value": "offer",
							"disabled": true
						},
						{
							"key": "isPreview",
							"value": "true",
							"disabled": true
						}
					]
				}
			},
			"response": []
		},
		{
			"name": "create anonymous session",
			"request": {
				"method": "POST",
				"header": [],
				"url": {
					"raw": "{{localhost}}offer/v1/ro-RO/anonymous",
					"host": [
						"{{localhost}}offer"
					],
					"path": [
						"v1",
						"ro-RO",
						"anonymous"
					]
				}
			},
			"response": []
		},
		{
			"name": "get-detail",
			"request": {
				"method": "GET",
				"header": [
					{
						"key": "channelKey",
						"value": "DC-RO",
						"type": "text"
					},
					{
						"key": "isPreview",
						"value": "true",
						"type": "text"
					},
					{
						"key": "sessionkey",
						"value": "******",
						"type": "text"
					},
					{
						"key": "customerkey",
						"value": "******",
						"type": "text"
					},
					{
						"key": "isPage",
						"value": "true",
						"type": "text"
					},
					{
						"key": "isPreview",
						"value": "true",
						"type": "text",
						"disabled": true
					},
					{
						"key": "page",
						"value": "1",
						"type": "text",
						"disabled": true
					}
				],
				"url": {
					"raw": "{{localhost}}offer/v1/ro-RO/detail?windowLast=10&selectedCategory=Oricare-2-cu-136-RON&maxFacets=10&sortBy=title&categoryFilter=type:'Offer'&rootCategory=Oricare-2-cu-136-RON&windowFirst=1&windowFirstRecommendations=1&windowLastRecommendations=10&maxProducts=500&filter&depth=3&path=Global,CEE",
					"host": [
						"{{localhost}}offer"
					],
					"path": [
						"v1",
						"ro-RO",
						"detail"
					],
					"query": [
						{
							"key": "windowLast",
							"value": "10"
						},
						{
							"key": "selectedCategory",
							"value": "Oricare-2-cu-136-RON"
						},
						{
							"key": "maxFacets",
							"value": "10"
						},
						{
							"key": "sortBy",
							"value": "title"
						},
						{
							"key": "categoryFilter",
							"value": "type:'Offer'"
						},
						{
							"key": "rootCategory",
							"value": "Oricare-2-cu-136-RON"
						},
						{
							"key": "windowFirst",
							"value": "1"
						},
						{
							"key": "windowFirstRecommendations",
							"value": "1"
						},
						{
							"key": "windowLastRecommendations",
							"value": "10"
						},
						{
							"key": "maxProducts",
							"value": "500"
						},
						{
							"key": "filter",
							"value": ""
						},
						{
							"key": "depth",
							"value": "3"
						},
						{
							"key": "facets",
							"value": "",
							"disabled": true
						},
						{
							"key": "path",
							"value": "Global,CEE"
						}
					]
				}
			},
			"response": []
		},
		{
			"name": "get refresh token",
			"request": {
				"method": "POST",
				"header": [
					{
						"key": "refreshtoken",
						"value": "avonshop-ct-ro-dev:G0BU-Mnr2LZPlfZkYVA6iztzaoLpZQgZLtTaVn2kihk",
						"type": "text"
					}
				],
				"body": {
					"mode": "raw",
					"raw": "",
					"options": {
						"raw": {
							"language": "json"
						}
					}
				},
				"url": {
					"raw": "{{local1}}/offer/v1/ro-RO/refresh-token",
					"host": [
						"{{local1}}"
					],
					"path": [
						"offer",
						"v1",
						"ro-RO",
						"refresh-token"
					]
				}
			},
			"response": []
		}
	]
}