{
	"info": {
		"_postman_id": "034064c9-89f5-4bcb-b596-94cb9e5d3555",
		"name": "LEAP BFF HOME",
		"schema": "https://schema.getpostman.com/json/collection/v2.1.0/collection.json"
	},
	"item": [
		{
			"name": "Get multiple products data",
			"request": {
				"method": "POST",
				"header": [],
				"body": {
					"mode": "raw",
					"raw": "\n{\n    \"ids\":[\"1b318b22-b439-43ca-8bf8-fac91c688ad8\",\"57358433-4d0e-4e15-af02-b61ec7cb882b\"]\n}\n",
					"options": {
						"raw": {
							"language": "json"
						}
					}
				},
				"url": {
					"raw": "localhost:7002/api/v1/ro-RO/products",
					"host": [
						"localhost"
					],
					"port": "7002",
					"path": [
						"api",
						"v1",
						"ro-RO",
						"products"
					]
				}
			},
			"response": [
				{
					"name": "Untitled Response",
					"originalRequest": {
						"method": "POST",
						"header": [],
						"body": {
							"mode": "raw",
							"raw": "\n{\n    \"ids\":[\"1b318b22-b439-43ca-8bf8-fac91c688ad8\",\"57358433-4d0e-4e15-af02-b61ec7cb882b\"]\n}\n",
							"options": {
								"raw": {
									"language": "json"
								}
							}
						},
						"url": {
							"raw": "localhost:7002/api/v1/ro-RO/products",
							"host": [
								"localhost"
							],
							"port": "7002",
							"path": [
								"api",
								"v1",
								"ro-RO",
								"products"
							]
						}
					},
					"status": {
						"statusCode": 200,
						"msg": "OK",
						"timestamp": "2022-01-14T12:57:37.203Z"
					},
					"_postman_previewlanguage": "Text",
					"header": [],
					"cookie": [],
					"body": ""
				}
			]
		},
		{
			"name": "Customer Login",
			"request": {
				"method": "POST",
				"header": [],
				"body": {
					"mode": "raw",
					"raw": "\n{\n    \"email\":\"xxxxx\",\n    \"password\":\"xxxxxx\"\n}\n",
					"options": {
						"raw": {
							"language": "json"
						}
					}
				},
				"url": {
					"raw": "http://{{base_url}}/api/v1/ro-RO/customers/login",
					"protocol": "http",
					"host": [
						"{{base_url}}"
					],
					"path": [
						"api",
						"v1",
						"ro-RO",
						"customers",
						"login"
					]
				}
			},
			"response": []
		},
		{
			"name": "Home page",
			"request": {
				"method": "GET",
				"header": [{"channelkey": "DC-RO"}],
				"url": {
					"raw": "localhost:7002/api/v1/ro-RO/home?isPreview=true",
					"host": [
						"localhost"
					],
					"port": "7002",
					"path": [
						"api",
						"v1",
						"ro-RO",
						"home"
					],
					"query": [
						{
							"key": "isPreview",
							"value": "true"
						}
					]
				}
			},
			"response": []
		},
		{
			"name": "Static pages",
			"request": {
				"method": "GET",
				"header": [],
				"url": {
					"raw": "localhost:7002/api/v1/ro-RO/static?path=support&isPreview=false",
					"host": [
						"localhost"
					],
					"port": "7002",
					"path": [
						"api",
						"v1",
						"ro-RO",
						"static"
					],
					"query": [
						{
							"key": "path",
							"value": "support"
						},
						{
							"key": "isPreview",
							"value": "false"
						}
					]
				}
			},
			"response": []
		},
		{
			"name": "get refresh token",
			"request": {
				"method": "POST",
				"header": [
					{
						"key": "refreshtoken",
						"value": "avonshop-ct-ro-dev:G0BU-Mnr2LZPlfZkYVA6iztzaoLpZQgZLtTaVn2kihk",
						"type": "text"
					}
				],
				"body": {
					"mode": "raw",
					"raw": "",
					"options": {
						"raw": {
							"language": "json"
						}
					}
				},
				"url": {
					"raw": "{{dev}}/carts/v1/ro-RO/refresh-token",
					"host": [
						"{{dev}}"
					],
					"path": [
						"carts",
						"v1",
						"ro-RO",
						"refresh-token"
					]
				}
			},
			"response": []
		}
	]
}