{
	"info": {
		"_postman_id": "77e367b0-c8b2-4dd1-a510-a84168b82b11",
		"name": "LEAP BFF PRODUCT DETAILS",
		"schema": "https://schema.getpostman.com/json/collection/v2.1.0/collection.json",
		"_exporter_id": "16632651"
	},
	"item": [
		{
			"name": "Get Product Details",
			"request": {
				"method": "GET",
				"header": [
					{
						"key": "wishlistId",
						"value": "48d70fad-cd47-49b5-9a9b-f7d375a394d2",
						"type": "text"
					},
					{
						"key": "channelKey",
						"value": "DC-RO",
						"type": "text"
					}
				],
				"url": {
					"raw": "https://api.leap-dev.aws.avon.com/product-details/v1/ro-RO/products/47849",
					"protocol": "https",
					"host": [
						"api",
						"leap-dev",
						"aws",
						"avon",
						"com"
					],
					"path": [
						"product-details",
						"v1",
						"ro-RO",
						"products",
						"47849"
					]
				}
			},
			"response": [
				{
					"name": "Untitled Response",
					"originalRequest": {
						"method": "GET",
						"header": [],
						"url": {
							"raw": "localhost:7006/api/v1/ro-RO/products/1b318b22-b439-43ca-8bf8-fac91c688ad8",
							"host": [
								"localhost"
							],
							"port": "7006",
							"path": [
								"api",
								"v1",
								"ro-RO",
								"products",
								"1b318b22-b439-43ca-8bf8-fac91c688ad8"
							]
						}
					},
					"status": {
						"statusCode": 200,
						"msg": "OK",
						"timestamp": "2022-02-07T13:46:30.267Z"
					},
					"_postman_previewlanguage": "Text",
					"header": [],
					"cookie": [],
					"body": ""
				}
			]
		},
		{
			"name": "NotifyMe",
			"request": {
				"method": "POST",
				"header": [],
				"body": {
					"mode": "raw",
					"raw": "{\r\n    \"sku\": \"35697\",\r\n    \"productKey\": \"47865\",\r\n    \"productUrl\": \"http://avon.com/xyz\",\r\n    \"email\": \"Rahul.gupta3@hcl.com\"\r\n}",
					"options": {
						"raw": {
							"language": "json"
						}
					}
				},
				"url": {
					"raw": "https://api.leap-dev.aws.avon.com/product-details/v1/ro-RO/notify",
					"protocol": "https",
					"host": [
						"api",
						"leap-dev",
						"aws",
						"avon",
						"com"
					],
					"path": [
						"product-details",
						"v1",
						"ro-RO",
						"notify"
					]
				}
			},
			"response": []
		},
		{
			"name": "Add LineItems to Wishlist",
			"request": {
				"method": "POST",
				"header": [],
				"body": {
					"mode": "raw",
					"raw": "{\r\n    \"sku\": \"1424108\",\r\n    \"id\": \"0159c93a-8c53-47ca-bfa8-f928ff49e4aa\"\r\n}",
					"options": {
						"raw": {
							"language": "json"
						}
					}
				},
				"url": {
					"raw": "{{localhost}}product-details/v1/ro-RO/wishlists",
					"host": [
						"{{localhost}}product-details"
					],
					"path": [
						"v1",
						"ro-RO",
						"wishlists"
					]
				}
			},
			"response": []
		},
		{
			"name": "Delete LineItems From Wishlist",
			"request": {
				"method": "DELETE",
				"header": [],
				"url": {
					"raw": "https://api.leap-dev.aws.avon.com/product-details/v1/ro-RO/wishlists/48d70fad-cd47-49b5-9a9b-f7d375a394d2/lineitems/bbd63d1a-0fa2-4d6c-a19f-25df0ae867d5",
					"protocol": "https",
					"host": [
						"api",
						"leap-dev",
						"aws",
						"avon",
						"com"
					],
					"path": [
						"product-details",
						"v1",
						"ro-RO",
						"wishlists",
						"48d70fad-cd47-49b5-9a9b-f7d375a394d2",
						"lineitems",
						"bbd63d1a-0fa2-4d6c-a19f-25df0ae867d5"
					]
				}
			},
			"response": []
		},
		{
			"name": "Apptus Notification",
			"request": {
				"method": "POST",
				"header": [
					{
						"key": "sessionkey",
						"value": "a45e701d-4d53-4d2c-b027-d10c006d1941",
						"type": "default"
					},
					{
						"key": "customerkey",
						"value": "a45e701d-4d53-4d2c-b027-d10c006d1941",
						"type": "default"
					}
				],
				"body": {
					"mode": "raw",
					"raw": "{\r\n  \"productKey\" : \"106761\",\r\n  \"variantKey\": \"106761-9161866660405692619\"\r\n}",
					"options": {
						"raw": {
							"language": "json"
						}
					}
				},
				"url": {
					"raw": "https://api.leap-dev.aws.avon.com/product-details/v1/ro-ro/notifications/adding-to-cart",
					"protocol": "https",
					"host": [
						"api",
						"leap-dev",
						"aws",
						"avon",
						"com"
					],
					"path": [
						"product-details",
						"v1",
						"ro-ro",
						"notifications",
						"adding-to-cart"
					]
				}
			},
			"response": []
		},
		{
			"name": "create anonymous session",
			"request": {
				"method": "POST",
				"header": [],
				"url": {
					"raw": "localhost:3004/product-details/v1/ro-RO/anonymous",
					"host": [
						"localhost"
					],
					"port": "3004",
					"path": [
						"product-details",
						"v1",
						"ro-RO",
						"anonymous"
					]
				}
			},
			"response": []
		},
		{
			"name": "get refresh token",
			"request": {
				"method": "POST",
				"header": [
					{
						"key": "refreshtoken",
						"value": "avonshop-ct-ro-dev:G0BU-Mnr2LZPlfZkYVA6iztzaoLpZQgZLtTaVn2kihk",
						"type": "text"
					}
				],
				"body": {
					"mode": "raw",
					"raw": "",
					"options": {
						"raw": {
							"language": "json"
						}
					}
				},
				"url": {
					"raw": "{{dev}}/product-details/v1/ro-RO/refresh-token",
					"host": [
						"{{dev}}"
					],
					"path": [
						"product-details",
						"v1",
						"ro-RO",
						"refresh-token"
					]
				}
			},
			"response": []
		}

	]
}