{
  "$schema": "./node_modules/@stryker-mutator/core/schema/stryker-schema.json",
  "_comment": "This config was generated using 'stryker init'. Please take a look at: https://stryker-mutator.io/docs/stryker-js/configuration/ for more information",
  "packageManager": "npm",
  "reporters": [
    "html",
    "clear-text",
    "progress"
  ],
  "testRunner": "jest",
  "coverageAnalysis": "perTest",
  "testRunnerNodeArgs": [
    "--experimental-vm-modules"
  ],
  "mutate": [
    "layers/address-validator-layer/common.js",
    "layers/address-validator-layer/quadminds.js",
    "lambdas/healthcheck.js",
    "lambdas/quadminds-addressdetails.js",
    "lambdas/quadminds-autocomplete.js"
  ],
  "timeoutMS": 30000
}