{
	"info": {
		"_postman_id": "65682b40-5cf6-44d3-816d-2d47eac42e20",
		"name": "Leap BFF Checkout",
		"schema": "https://schema.getpostman.com/json/collection/v2.1.0/collection.json",
		"_exporter_id": "16632651"
	},
	"item": [
		{
			"name": "Get the shipping-methods",
			"request": {
				"method": "GET",
				"header": [],
				"url": {
					"raw": "localhost:3001/api/v1/ro-RO/shippingMethods",
					"host": [
						"localhost"
					],
					"port": "3001",
					"path": [
						"api",
						"v1",
						"ro-RO",
						"shippingMethods"
					]
				}
			},
			"response": []
		},
		{
			"name": "Add shipping method to cart",
			"request": {
				"method": "POST",
				"header": [],
				"body": {
					"mode": "raw",
					"raw": "{\r\n    \"shippingMethodId\": \"cbd394b9-d5d7-4d84-ba6e-215522975b97\"\r\n}",
					"options": {
						"raw": {
							"language": "json"
						}
					}
				},
				"url": {
					"raw": "localhost:3001/api/v1/ro-RO/carts/a97c04b1-1715-4625-ad59-3a6b834ee26f/shippingMethods",
					"host": [
						"localhost"
					],
					"port": "3001",
					"path": [
						"api",
						"v1",
						"ro-RO",
						"carts",
						"a97c04b1-1715-4625-ad59-3a6b834ee26f",
						"shippingMethods"
					]
				}
			},
			"response": []
		},
		{
			"name": "Add to cart (to existing cart) Copy",
			"request": {
				"method": "POST",
				"header": [],
				"body": {
					"mode": "raw",
					"raw": "{\n    \"streetName\": \"Examplary Street\",\n    \"streetNumber\": \"4711\",\n    \"country\": \"RO\",\n    \"city\": \"Exemplary Region\",\n    \"postalCode\": \"80933\",\n    \"phone\": \"+49 89 12345678\"\n}",
					"options": {
						"raw": {
							"language": "json"
						}
					}
				},
				"url": {
					"raw": "localhost:3001/api/v1/ro-RO/carts/456c0685-d0e6-4eb3-a11d-b26273940e74/shippingaddress",
					"host": [
						"localhost"
					],
					"port": "3001",
					"path": [
						"api",
						"v1",
						"ro-RO",
						"carts",
						"456c0685-d0e6-4eb3-a11d-b26273940e74",
						"shippingaddress"
					]
				}
			},
			"response": []
		},
		{
			"name": "Customer Login & attach cart",
			"request": {
				"method": "POST",
				"header": [],
				"body": {
					"mode": "raw",
					"raw": "\n{\n    \"email\":\"xxxxxxxxx\",\n    \"password\":\"xxxxxxx\",\n    \"cartId\":\"xxxxxxxxxxxx\"\n}\n",
					"options": {
						"raw": {
							"language": "json"
						}
					}
				},
				"url": {
					"raw": "https://api.leap-dev.aws.avon.com/checkout/v1/ro-RO/login",
					"protocol": "https",
					"host": [
						"api",
						"leap-dev",
						"aws",
						"avon",
						"com"
					],
					"path": [
						"checkout",
						"v1",
						"ro-RO",
						"login"
					]
				}
			},
			"response": []
		},
		{
			"name": "Add Customer Address",
			"request": {
				"auth": {
					"type": "bearer",
					"bearer": [
						{
							"key": "token",
							"value": "iFo0auLbPjhXxg-Tu73jVXUBw0DmT9L2",
							"type": "string"
						}
					]
				},
				"method": "POST",
				"header": [],
				"body": {
					"mode": "raw",
					"raw": "{\n    \"address1\": \"221-B Baker Street\",\n    \"zip\": \"077191\",\n    \"phoneNumber\": \"0715475869\",\n    \"country\": \"IN\",\n    \"city\": \"Adalaj\",\n    \"county\": \"Catel\",\n    \"region\": \"Brasov\"\n}",
					"options": {
						"raw": {
							"language": "json"
						}
					}
				},
				"url": {
					"raw": "http://localhost:3001/checkout/v1/{{locale}}-{{country}}/customers/address",
					"protocol": "http",
					"host": [
						"localhost"
					],
					"port": "3001",
					"path": [
						"checkout",
						"v1",
						"{{locale}}-{{country}}",
						"customers",
						"address"
					]
				}
			},
			"response": []
		},
		{
			"name": "Update cart information",
			"request": {
				"auth": {
					"type": "oauth2",
					"oauth2": [
						{
							"key": "addTokenTo",
							"value": "header",
							"type": "string"
						}
					]
				},
				"method": "POST",
				"header": [
					{
						"key": "Authorization",
						"value": "Bearer xxxxxxx",
						"type": "text"
					}
				],
				"body": {
					"mode": "raw",
					"raw": "{\n    \"email\":\"xxxxxxx\",\n    \"firstName\":\"xxxx\",\n    \"lastName\":\"xxxx\",\n    \"cartId\": \"xxxxxxxxxx\"\n}",
					"options": {
						"raw": {
							"language": "json"
						}
					}
				},
				"url": {
					"raw": "localhost:3000/checkout/v1/ro-RO/guest-login",
					"host": [
						"localhost"
					],
					"port": "3000",
					"path": [
						"checkout",
						"v1",
						"ro-RO",
						"guest-login"
					]
				}
			},
			"response": []
		},
		{
			"name": "Add shipping address to cart.",
			"request": {
				"method": "POST",
				"header": [],
				"body": {
					"mode": "raw",
					"raw": "{\n    \"address1\": \"address1\",\n    \"address2\": \"address2\",\n    \"county\": \"county\",\n    \"city\": \"city\",\n    \"postalCode\": \"80933\",\n    \"phoneNumber\": \"+49 89 12345678\"\n}",
					"options": {
						"raw": {
							"language": "json"
						}
					}
				},
				"url": {
					"raw": "localhost:3001/api/v1/ro-RO/carts/456c0685-d0e6-4eb3-a11d-b26273940e74/shippingaddress",
					"host": [
						"localhost"
					],
					"port": "3001",
					"path": [
						"api",
						"v1",
						"ro-RO",
						"carts",
						"456c0685-d0e6-4eb3-a11d-b26273940e74",
						"shippingaddress"
					]
				}
			},
			"response": []
		},
		{
			"name": "Initiate payment",
			"request": {
				"method": "POST",
				"header": [],
				"body": {
					"mode": "raw",
					"raw": "{\r\n    \"paymentType\": \"online\",\r\n    \"marketingEmailConsent\": false\r\n}",
					"options": {
						"raw": {
							"language": "json"
						}
					}
				},
				"url": {
					"raw": "localhost:3001/payment/v1/ro-RO/carts/8d9796f6-4692-4965-ad41-db203686cc4b/payment/initiate",
					"host": [
						"localhost"
					],
					"port": "3001",
					"path": [
						"payment",
						"v1",
						"ro-RO",
						"carts",
						"8d9796f6-4692-4965-ad41-db203686cc4b",
						"payment",
						"initiate"
					]
				}
			},
			"response": []
		},
		{
			"name": "Address Autocomplete",
			"request": {
				"method": "GET",
				"header": [],
				"url": {
					"raw": "http://localhost:3000/checkout/v1/ro-ro/addresses/autocomplete",
					"protocol": "http",
					"host": [
						"localhost"
					],
					"port": "3000",
					"path": [
						"checkout",
						"v1",
						"ro-ro",
						"addresses",
						"autocomplete"
					]
				}
			},
			"response": []
		},
		{
			"name": "Address Detail",
			"request": {
				"method": "GET",
				"header": [],
				"url": {
					"raw": "localhost:3000/checkout/v1/ro-RO/addresses/detail?addressId=200",
					"host": [
						"localhost"
					],
					"port": "3000",
					"path": [
						"checkout",
						"v1",
						"ro-RO",
						"addresses",
						"detail"
					],
					"query": [
						{
							"key": "addressId",
							"value": "200"
						}
					]
				}
			},
			"response": []
		},
		{
			"name": "get cart by id",
			"protocolProfileBehavior": {
				"disableBodyPruning": true
			},
			"request": {
				"auth": {
					"type": "bearer",
					"bearer": [
						{
							"key": "token",
							"value": "u45j9daA4a3togKzbjV2Sm4sOCgcpVYf",
							"type": "string"
						}
					]
				},
				"method": "GET",
				"header": [],
				"body": {
					"mode": "raw",
					"raw": "",
					"options": {
						"raw": {
							"language": "json"
						}
					}
				},
				"url": {
					"raw": "localhost:3003/api/v1/ro-RO/carts/d1e1fbbf-14ce-4902-997e-32e6312e9482",
					"host": [
						"localhost"
					],
					"port": "3003",
					"path": [
						"api",
						"v1",
						"ro-RO",
						"carts",
						"d1e1fbbf-14ce-4902-997e-32e6312e9482"
					]
				}
			},
			"response": []
		},
		{
			"name": "Get Default Delivery Address  of customer by token",
			"protocolProfileBehavior": {
				"disableBodyPruning": true
			},
			"request": {
				"auth": {
					"type": "bearer",
					"bearer": [
						{
							"key": "token",
							"value": "Ozj1SeBzbbqX38AV21bdq6eCr-siSbo3",
							"type": "string"
						}
					]
				},
				"method": "GET",
				"header": [],
				"body": {
					"mode": "raw",
					"raw": "{\n    \n}",
					"options": {
						"raw": {
							"language": "json"
						}
					}
				},
				"url": {
					"raw": "{{base_url}}checkout/v1/ro-RO/customers/default-delivery",
					"host": [
						"{{base_url}}checkout"
					],
					"path": [
						"v1",
						"ro-RO",
						"customers",
						"default-delivery"
					]
				}
			},
			"response": []
		},
		{
			"name": "Get Customer Details by token",
			"protocolProfileBehavior": {
				"disableBodyPruning": true
			},
			"request": {
				"auth": {
					"type": "bearer",
					"bearer": [
						{
							"key": "token",
							"value": "Ozj1SeBzbbqX38AV21bdq6eCr-siSbo3",
							"type": "string"
						}
					]
				},
				"method": "GET",
				"header": [],
				"body": {
					"mode": "raw",
					"raw": "{\n    \n}",
					"options": {
						"raw": {
							"language": "json"
						}
					}
				},
				"url": {
					"raw": "{{base_url}}checkout/v1/ro-RO/customers",
					"host": [
						"{{base_url}}checkout"
					],
					"path": [
						"v1",
						"ro-RO",
						"customers"
					]
				}
			},
			"response": []
		},
		{
			"name": "All Delivery Addresses  of customer by token",
			"protocolProfileBehavior": {
				"disableBodyPruning": true
			},
			"request": {
				"auth": {
					"type": "bearer",
					"bearer": [
						{
							"key": "token",
							"value": "Q1ScTWZCgbpP0N7KACfb3ob_ZrgluxC8",
							"type": "string"
						}
					]
				},
				"method": "GET",
				"header": [],
				"body": {
					"mode": "raw",
					"raw": "{\n    \n}",
					"options": {
						"raw": {
							"language": "json"
						}
					}
				},
				"url": {
					"raw": "{{base_url}}checkout/v1/ro-RO/customers/addresses",
					"host": [
						"{{base_url}}checkout"
					],
					"path": [
						"v1",
						"ro-RO",
						"customers",
						"addresses"
					]
				}
			},
			"response": []
		},
		{
			"name": "Get List Of Pickup Details",
			"request": {
				"method": "GET",
				"header": [
					{
						"key": "x-api-key",
						"value": "fe845d9b3f48d289468bc1cb0945d9a3cad8c584f8254ffa1875457de71e5ce0",
						"type": "text"
					}
				],
				"url": {
					"raw": "localhost:3001/checkout/v1/ro-RO/pickup-points?latitude=44.43903002053902&longitude=26.103562258550216&distance=20",
					"host": [
						"localhost"
					],
					"port": "3001",
					"path": [
						"checkout",
						"v1",
						"ro-RO",
						"pickup-points"
					],
					"query": [
						{
							"key": "latitude",
							"value": "44.43903002053902"
						},
						{
							"key": "longitude",
							"value": "26.103562258550216"
						},
						{
							"key": "distance",
							"value": "20"
						}
					]
				}
			},
			"response": []
		},
		{
			"name": "Get order confirmation",
			"request": {
				"auth": {
					"type": "bearer",
					"bearer": [
						{
							"key": "token",
							"value": "_MdOJ68ZbduHijosWfVZSfni_H5kxsjJ",
							"type": "string"
						}
					]
				},
				"method": "GET",
				"header": [],
				"url": {
					"raw": "localhost:3001/checkout/v1/ro-RO/orders/874fc05d-448e-4da7-aa8d-778a5e2cc764",
					"host": [
						"localhost"
					],
					"port": "3001",
					"path": [
						"checkout",
						"v1",
						"ro-RO",
						"orders",
						"874fc05d-448e-4da7-aa8d-778a5e2cc764"
					]
				}
			},
			"response": []
		},
		{
			"name": "Get order confirmation magnolia data",
			"request": {
				"method": "GET",
				"header": [],
				"url": {
					"raw": "localhost:3001/checkout/v1/ro-RO/orders",
					"host": [
						"localhost"
					],
					"port": "3001",
					"path": [
						"checkout",
						"v1",
						"ro-RO",
						"orders"
					]
				}
			},
			"response": []
		},
		{
			"name": "Get checkout page magnolia data",
			"request": {
				"method": "GET",
				"header": [],
				"url": {
					"raw": "http://localhost:3001/checkout/v1/ro-Ro/?isPreview=true&path=Global,CEE",
					"protocol": "http",
					"host": [
						"localhost"
					],
					"port": "3001",
					"path": [
						"checkout",
						"v1",
						"ro-Ro",
						""
					],
					"query": [
						{
							"key": "isPreview",
							"value": "true"
						},
						{
							"key": "path",
							"value": "Global,CEE",
							"description": "Will work only isPreview is true"
						}
					]
				}
			},
			"response": []
		},
		{
			"name": "Guest User Registration  ",
			"request": {
				"auth": {
					"type": "bearer",
					"bearer": [
						{
							"key": "token",
							"value": "O1HZ-QYUzIO6JN76eIAAs7K8Y97mCzsP",
							"type": "string"
						}
					]
				},
				"method": "POST",
				"header": [],
				"body": {
					"mode": "raw",
					"raw": "{\r\n    \"password\": \"12345678\",\r\n    \"confirmPassword\":\"12345678\",\r\n    \"orderId\":\"3ca0c8f1-d7ce-4077-b635-189bc4ca887f\" \r\n}",
					"options": {
						"raw": {
							"language": "json"
						}
					}
				},
				"url": {
					"raw": "{{dev_url}}checkout/v1/ro-RO/customers/registration",
					"host": [
						"{{dev_url}}checkout"
					],
					"path": [
						"v1",
						"ro-RO",
						"customers",
						"registration"
					]
				}
			},
			"response": []
		}
	]
}