{
	"info": {
		"_postman_id": "f7a7d4f0-ffe0-4dac-ba66-0bd0b907deb1",
		"name": "Leap BFF Cart",
		"schema": "https://schema.getpostman.com/json/collection/v2.1.0/collection.json"
	},
	"item": [
		{
			"name": "Get cart magnolia data",
			"request": {
				"method": "GET",
				"header": [],
				"url": {
					"raw": "localhost:3001/cart/v1/ro-RO/?isPreview=true",
					"host": [
						"localhost"
					],
					"port": "3001",
					"path": [
						"cart",
						"v1",
						"ro-RO"
					]
				}
			},
			"response": []
		},
		{
			"name": "Get cart by id",
			"request": {
				"method": "GET",
				"header": [],
				"url": {
					"raw": "localhost:3001/api/v1/ro-RO/carts/819aaf26-1e8c-4fad-a37f-bb80f094bb08",
					"host": [
						"localhost"
					],
					"port": "3001",
					"path": [
						"api",
						"v1",
						"ro-RO",
						"carts",
						"819aaf26-1e8c-4fad-a37f-bb80f094bb08"
					]
				}
			},
			"response": []
		},
		{
			"name": "Add to cart (new cart)",
			"request": {
				"method": "POST",
				"header": [
					{
						"key": "channelkey",
						"value": "DC-RO",
						"type": "default"
					}
				],
				"body": {
					"mode": "raw",
					"raw": "\n{\n    \"cartId\":\"\",\n    \"lineItems\": \n    {\n        \"sku\": \"106826-9161866660405752377\",\n        \"quantity\":1\n    }\n}\n",
					"options": {
						"raw": {
							"language": "json"
						}
					}
				},
				"url": {
					"raw": "localhost:3001/api/v1/ro-RO/carts/",
					"host": [
						"localhost"
					],
					"port": "3001",
					"path": [
						"api",
						"v1",
						"ro-RO",
						"carts",
						""
					]
				}
			},
			"response": []
		},
		{
			"name": "Add to cart (to existing cart)",
			"request": {
				"method": "POST",
				"header": [],
				"body": {
					"mode": "raw",
					"raw": "\n{\n    \"cartId\":\"819aaf26-1e8c-4fad-a37f-bb80f094bb08\",\n    \"lineItems\": \n    {\n        \"productKey\":\"106826\",\n        \"sku\": \"106826-9161866660405752377\",\n        \"quantity\":1\n    }\n}\n",
					"options": {
						"raw": {
							"language": "json"
						}
					}
				},
				"url": {
					"raw": "localhost:3001/api/v1/ro-RO/carts/",
					"host": [
						"localhost"
					],
					"port": "3001",
					"path": [
						"api",
						"v1",
						"ro-RO",
						"carts",
						""
					]
				}
			},
			"response": []
		},
		{
			"name": "Add to cart : invalid sku",
			"request": {
				"method": "POST",
				"header": [],
				"body": {
					"mode": "raw",
					"raw": "\n{\n    \"cartId\":\"819aaf26-1e8c-4fad-a37f-bb80f094bb08\",\n    \"lineItems\": \n    {\n        \"productKey\":\"106826\",\n        \"sku\": \"21121\",\n        \"quantity\":-1\n    }\n}\n",
					"options": {
						"raw": {
							"language": "json"
						}
					}
				},
				"url": {
					"raw": "localhost:3001/api/v1/ro-RO/carts/",
					"host": [
						"localhost"
					],
					"port": "3001",
					"path": [
						"api",
						"v1",
						"ro-RO",
						"carts",
						""
					]
				}
			},
			"response": []
		},
		{
			"name": "Add to cart : quantity validation (Negative Quantity)",
			"request": {
				"method": "POST",
				"header": [],
				"body": {
					"mode": "raw",
					"raw": "\n{\n    \"cartId\":\"819aaf26-1e8c-4fad-a37f-bb80f094bb08\",\n    \"lineItems\": \n    {\n        \"productKey\":\"106826\",\n        \"sku\": \"106826-9161866660405752377\",\n        \"quantity\":-1\n    }\n}\n",
					"options": {
						"raw": {
							"language": "json"
						}
					}
				},
				"url": {
					"raw": "localhost:3001/api/v1/ro-RO/carts/",
					"host": [
						"localhost"
					],
					"port": "3001",
					"path": [
						"api",
						"v1",
						"ro-RO",
						"carts",
						""
					]
				}
			},
			"response": []
		},
		{
			"name": "Add to cart : quantity validation (Large Quantity)",
			"request": {
				"method": "POST",
				"header": [],
				"body": {
					"mode": "raw",
					"raw": "\n{\n    \"cartId\":\"819aaf26-1e8c-4fad-a37f-bb80f094bb08\",\n    \"lineItems\": \n    {\n        \"productKey\":\"106826\",\n        \"sku\": \"106826-9161866660405752377\",\n        \"quantity\":1000000\n    }\n}\n",
					"options": {
						"raw": {
							"language": "json"
						}
					}
				},
				"url": {
					"raw": "localhost:3001/api/v1/ro-RO/carts/",
					"host": [
						"localhost"
					],
					"port": "3001",
					"path": [
						"api",
						"v1",
						"ro-RO",
						"carts",
						""
					]
				}
			},
			"response": []
		},
		{
			"name": "Add to cart : Sku and quantity empty validation",
			"request": {
				"method": "POST",
				"header": [],
				"body": {
					"mode": "raw",
					"raw": "\n{\n    \"cartId\":\"819aaf26-1e8c-4fad-a37f-bb80f094bb08\",\n    \"lineItems\": \n    {\n        \"productKey\":\"106826\",\n        \"sku\": \"\",\n        \"quantity\":\"\"\n    }\n}\n",
					"options": {
						"raw": {
							"language": "json"
						}
					}
				},
				"url": {
					"raw": "localhost:3001/api/v1/ro-RO/carts/",
					"host": [
						"localhost"
					],
					"port": "3001",
					"path": [
						"api",
						"v1",
						"ro-RO",
						"carts",
						""
					]
				}
			},
			"response": []
		},
		{
			"name": "Add to cart maxPurchasableQty validation",
			"request": {
				"method": "POST",
				"header": [],
				"body": {
					"mode": "raw",
					"raw": "\n{\n    \"cartId\":\"819aaf26-1e8c-4fad-a37f-bb80f094bb08\",\n    \"lineItems\": \n    {\n        \"productKey\":\"106826\",\n        \"sku\": \"106826-9161866660405752377\",\n        \"quantity\":99\n    }\n}\n",
					"options": {
						"raw": {
							"language": "json"
						}
					}
				},
				"url": {
					"raw": "localhost:3001/api/v1/ro-RO/carts/",
					"host": [
						"localhost"
					],
					"port": "3001",
					"path": [
						"api",
						"v1",
						"ro-RO",
						"carts",
						""
					]
				}
			},
			"response": []
		},
		{
			"name": "Add to cart available quantity in stock validation",
			"request": {
				"method": "POST",
				"header": [],
				"body": {
					"mode": "raw",
					"raw": "\n{\n    \"cartId\":\"cd1d6fd8-4623-4926-b957-800cea034ba9\",\n    \"lineItems\": \n    {\n        \"productKey\":\"106826\",\n        \"sku\": \"106826-9161866660405752377\",\n        \"quantity\":1\n    }\n}\n",
					"options": {
						"raw": {
							"language": "json"
						}
					}
				},
				"url": {
					"raw": "localhost:3001/api/v1/ro-RO/carts/",
					"host": [
						"localhost"
					],
					"port": "3001",
					"path": [
						"api",
						"v1",
						"ro-RO",
						"carts",
						""
					]
				}
			},
			"response": []
		},
		{
			"name": "Remove line item from cart",
			"request": {
				"method": "DELETE",
				"header": [],
				"url": {
					"raw": "localhost:3001/api/v1/ro-RO/carts/819aaf26-1e8c-4fad-a37f-bb80f094bb08/lineItems/a1776078-e2f5-4dae-8d9d-742b72bbfd64",
					"host": [
						"localhost"
					],
					"port": "3001",
					"path": [
						"api",
						"v1",
						"ro-RO",
						"carts",
						"819aaf26-1e8c-4fad-a37f-bb80f094bb08",
						"lineItems",
						"a1776078-e2f5-4dae-8d9d-742b72bbfd64"
					]
				}
			},
			"response": []
		},
		{
			"name": "Change quantity of line item",
			"request": {
				"method": "POST",
				"header": [],
				"body": {
					"mode": "raw",
					"raw": "{\n    \"quantity\": 10\n}",
					"options": {
						"raw": {
							"language": "json"
						}
					}
				},
				"url": {
					"raw": "localhost:3001/api/v1/ro-RO/carts/819aaf26-1e8c-4fad-a37f-bb80f094bb08/lineItems/a1776078-e2f5-4dae-8d9d-742b72bbfd64",
					"host": [
						"localhost"
					],
					"port": "3001",
					"path": [
						"api",
						"v1",
						"ro-RO",
						"carts",
						"819aaf26-1e8c-4fad-a37f-bb80f094bb08",
						"lineItems",
						"a1776078-e2f5-4dae-8d9d-742b72bbfd64"
					]
				}
			},
			"response": []
		},
		{
			"name": "Add promotion to cart",
			"request": {
				"method": "POST",
				"header": [],
				"body": {
					"mode": "raw",
					"raw": "{\n    \"promotionCode\": \"discoun\",\n    \"action\": \"addDiscountCode\"\n}",
					"options": {
						"raw": {
							"language": "json"
						}
					}
				},
				"url": {
					"raw": "localhost:3001/api/v1/ro-RO/carts/819aaf26-1e8c-4fad-a37f-bb80f094bb08/promotions",
					"host": [
						"localhost"
					],
					"port": "3001",
					"path": [
						"api",
						"v1",
						"ro-RO",
						"carts",
						"819aaf26-1e8c-4fad-a37f-bb80f094bb08",
						"promotions"
					]
				}
			},
			"response": []
		},
		{
			"name": "Apptus Notification",
			"request": {
				"method": "POST",
				"header": [
					{
						"key": "sessionkey",
						"value": "a45e701d-4d53-4d2c-b027-d10c006d1941",
						"type": "default"
					},
					{
						"key": "customerkey",
						"value": "a45e701d-4d53-4d2c-b027-d10c006d1941",
						"type": "default"
					}
				],
				"body": {
					"mode": "raw",
					"raw": "{\r\n  \"productKey\" : \"106761\",\r\n  \"variantKey\": \"106761-9161866660405692619\"\r\n}",
					"options": {
						"raw": {
							"language": "json"
						}
					}
				},
				"url": {
					"raw": "https://api.leap-dev.aws.avon.com/product-details/v1/ro-ro/notifications/adding-to-cart",
					"protocol": "https",
					"host": [
						"api",
						"leap-dev",
						"aws",
						"avon",
						"com"
					],
					"path": [
						"product-details",
						"v1",
						"ro-ro",
						"notifications",
						"adding-to-cart"
					]
				}
			},
			"response": []
		},
		{
			"name": "Add to cart (to existing cart) Copy",
			"request": {
				"method": "POST",
				"header": [],
				"body": {
					"mode": "raw",
					"raw": "{\n    \"streetName\": \"Examplary Street\",\n    \"streetNumber\": \"4711\",\n    \"country\": \"RO\",\n    \"city\": \"Exemplary Region\",\n    \"postalCode\": \"80933\",\n    \"phone\": \"+49 89 12345678\"\n}",
					"options": {
						"raw": {
							"language": "json"
						}
					}
				},
				"url": {
					"raw": "localhost:3001/api/v1/ro-RO/carts/456c0685-d0e6-4eb3-a11d-b26273940e74/shippingaddress",
					"host": [
						"localhost"
					],
					"port": "3001",
					"path": [
						"api",
						"v1",
						"ro-RO",
						"carts",
						"456c0685-d0e6-4eb3-a11d-b26273940e74",
						"shippingaddress"
					]
				}
			},
			"response": []
		},
		{
			"name": "create anonymous session",
			"request": {
				"method": "POST",
				"header": [],
				"url": {
					"raw": "{{localhost}}product-listing/v1/ro-RO/anonymous",
					"host": [
						"{{localhost}}product-listing"
					],
					"path": [
						"v1",
						"ro-RO",
						"anonymous"
					]
				}
			},
			"response": []
		},
		{
			"name": "get refresh token",
			"request": {
				"method": "POST",
				"header": [
					{
						"key": "refreshtoken",
						"value": "avonshop-ct-ro-dev:G0BU-Mnr2LZPlfZkYVA6iztzaoLpZQgZLtTaVn2kihk",
						"type": "text"
					}
				],
				"body": {
					"mode": "raw",
					"raw": "",
					"options": {
						"raw": {
							"language": "json"
						}
					}
				},
				"url": {
					"raw": "{{dev}}/carts/v1/ro-RO/refresh-token",
					"host": [
						"{{dev}}"
					],
					"path": [
						"carts",
						"v1",
						"ro-RO",
						"refresh-token"
					]
				}
			},
			"response": []
		}
	]
}