{
	"info": {
		"_postman_id": "23a5a04a-0813-4912-8864-80886868a7bf",
		"name": "leap-bff-footer",
		"schema": "https://schema.getpostman.com/json/collection/v2.1.0/collection.json"
	},
	"item": [
		{
			"name": "Get Footer Settings",
			"request": {
				"method": "GET",
				"header": [
					{
						"key": "isPreview",
						"value": "false",
						"type": "text"
					}
				],
				"url": {
					"raw": "localhost:3002/footer/v1/ro-RO/settings/",
					"host": [
						"localhost"
					],
					"port": "3002",
					"path": [
						"footer",
						"v1",
						"ro-RO",
						"settings",
						""
					]
				}
			},
			"response": []
		}
	]
}