{
	"info": {
		"_postman_id": "13edbee0-98fd-4b06-b3fd-6131c9ed0085",
		"name": "leap-bff-user-profile",
		"schema": "https://schema.getpostman.com/json/collection/v2.1.0/collection.json",
		"_exporter_id": "16632651"
	},
	"item": [
		{
			"name": "Get Customer by Id",
			"request": {
				"method": "GET",
				"header": [],
				"url": {
					"raw": "{{localhost}}user-profile/v1/{{locale}}-{{country}}/customers/{{customer-id}}",
					"host": [
						"{{localhost}}user-profile"
					],
					"path": [
						"v1",
						"{{locale}}-{{country}}",
						"customers",
						"{{customer-id}}"
					]
				}
			},
			"response": []
		},
		{
			"name": "Get address by Customer Id",
			"request": {
				"auth": {
					"type": "bearer",
					"bearer": [
						{
							"key": "token",
							"value": "*******",
							"type": "string"
						}
					]
				},
				"method": "GET",
				"header": [],
				"url": {
					"raw": "{{localhost}}user-profile/v1/ro-RO/customers/address",
					"host": [
						"{{localhost}}user-profile"
					],
					"path": [
						"v1",
						"ro-RO",
						"customers",
						"address"
					]
				}
			},
			"response": []
		},
		{
			"name": "Delete Customer Address",
			"request": {
				"auth": {
					"type": "bearer",
					"bearer": [
						{
							"key": "token",
							"value": "*******",
							"type": "string"
						}
					]
				},
				"method": "DELETE",
				"header": [],
				"url": {
					"raw": "{{localhost}}user-profile/v1/{{locale}}-{{country}}/customers/address/HhIGalsr",
					"host": [
						"{{localhost}}user-profile"
					],
					"path": [
						"v1",
						"{{locale}}-{{country}}",
						"customers",
						"address",
						"HhIGalsr"
					]
				}
			},
			"response": []
		},
		{
			"name": "Update customer password",
			"request": {
				"auth": {
					"type": "bearer",
					"bearer": [
						{
							"key": "token",
							"value": "nHFmzGY5vqO1mUG8amjJaSvh3liwpHl6",
							"type": "string"
						}
					]
				},
				"method": "POST",
				"header": [
					{
						"key": "Authorization",
						"value": "Bearer LbY6qf1AwO-DUiegogVeVixd8kxoV_6B",
						"type": "text"
					}
				],
				"body": {
					"mode": "raw",
					"raw": "{\r\n  \"currentPassword\": \"12345678\",\r\n  \"newPassword\": \"12345678\"\r\n}",
					"options": {
						"raw": {
							"language": "json"
						}
					}
				},
				"url": {
					"raw": "http://localhost:3000/user-profile/v1/{{locale}}-{{country}}/customers/change-password",
					"protocol": "http",
					"host": [
						"localhost"
					],
					"port": "3000",
					"path": [
						"user-profile",
						"v1",
						"{{locale}}-{{country}}",
						"customers",
						"change-password"
					]
				}
			},
			"response": []
		},
		{
			"name": "Add Address",
			"request": {
				"auth": {
					"type": "bearer",
					"bearer": [
						{
							"key": "token",
							"value": "********",
							"type": "string"
						}
					]
				},
				"method": "POST",
				"header": [],
				"body": {
					"mode": "raw",
					"raw": "{  \n    \"address1\": \"221-B Baker Streets test1\",\n    \"zip\": \"200138\",\n    \"phoneNumber\": \"1212121212\",\n    \"country\": \"IN\",\n    \"city\": \"Adalajs\",\n    \"county\": \"Catels\",\n    \"firstName\": \"abc\",\n    \"lastName\": \"dsds\"\n}",
					"options": {
						"raw": {
							"language": "json"
						}
					}
				},
				"url": {
					"raw": "{{localhost}}user-profile/v1/{{locale}}-{{country}}/customers/address",
					"host": [
						"{{localhost}}user-profile"
					],
					"path": [
						"v1",
						"{{locale}}-{{country}}",
						"customers",
						"address"
					]
				}
			},
			"response": []
		},
		{
			"name": "Update Address",
			"request": {
				"auth": {
					"type": "bearer",
					"bearer": [
						{
							"key": "token",
							"value": "*********",
							"type": "string"
						}
					]
				},
				"method": "PUT",
				"header": [],
				"body": {
					"mode": "raw",
					"raw": "{\n    \"address1\": \"test 123\",\n    \"zip\": \"200129\",\n    \"phoneNumber\": \"8299999000\",\n    \"country\": \"IN\",\n    \"city\": \"AdalaJA\",\n    \"county\": \"Catelolalala\"\n}",
					"options": {
						"raw": {
							"language": "json"
						}
					}
				},
				"url": {
					"raw": "{{localhost}}user-profile/v1/{{locale}}-{{country}}/customers/address/p_-R3FiX",
					"host": [
						"{{localhost}}user-profile"
					],
					"path": [
						"v1",
						"{{locale}}-{{country}}",
						"customers",
						"address",
						"p_-R3FiX"
					]
				}
			},
			"response": []
		},
		{
			"name": "Reset Customer's Password",
			"event": [
				{
					"listen": "test",
					"script": {
						"exec": [
							"tests[\"Status code \" + responseCode.code] = responseCode.code === 200 || responseCode.code === 201;",
							"var data = JSON.parse(responseBody);",
							"if(data.results && data.results[0] && data.results[0].id && data.results[0].version){",
							"    pm.environment.set(\"reset-id\", data.results[0].id); ",
							"    pm.environment.set(\"reset-version\", data.results[0].version);",
							"}",
							"if(data.results && data.results[0] && data.results[0].key){",
							"    pm.environment.set(\"reset-key\", data.results[0].key); ",
							"}",
							"if(data.version){",
							"    pm.environment.set(\"reset-version\", data.version);",
							"}",
							"if(data.id){",
							"    pm.environment.set(\"reset-id\", data.id); ",
							"}",
							"if(data.key){",
							"    pm.environment.set(\"reset-key\", data.key);",
							"}",
							""
						],
						"type": "text/javascript"
					}
				}
			],
			"request": {
				"auth": {
					"type": "bearer",
					"bearer": [
						{
							"key": "token",
							"value": "4pK9JjtG8GG_IDAnY8QMHQlNP3ZRoO7d",
							"type": "string"
						}
					]
				},
				"method": "POST",
				"header": [
					{
						"key": "Content-Type",
						"value": "application/json"
					}
				],
				"body": {
					"mode": "raw",
					"raw": "{\r\n    \"token\": \"wtYkhcQz5zwo-QPIBNDMNUfNkFi-8peZaMH9ABAp\",\r\n    \"newPassword\": \"123456789\"\r\n}"
				},
				"url": {
					"raw": "http://localhost:3000/user-profile/v1/{{locale}}-{{country}}/customers/forget-password",
					"protocol": "http",
					"host": [
						"localhost"
					],
					"port": "3000",
					"path": [
						"user-profile",
						"v1",
						"{{locale}}-{{country}}",
						"customers",
						"forget-password"
					]
				},
				"description": "Set a new password using a token."
			},
			"response": []
		},
		{
			"name": "Registration",
			"request": {
				"method": "POST",
				"header": [],
				"body": {
					"mode": "raw",
					"raw": "{\r\n    \"firstName\": \"Hemendra\",\r\n    \"lastName\": \"Kumar singh\",\r\n    \"email\": \"hemendra.sing1@hcl.com\",\r\n    \"password\": \"1234567\",\r\n    \"confirmPassword\":\"1234567\",\r\n    \"optIn\":true\r\n}",
					"options": {
						"raw": {
							"language": "json"
						}
					}
				},
				"url": {
					"raw": "http://localhost:3000/user-profile/v1/ro-RO/customers/registration",
					"protocol": "http",
					"host": [
						"localhost"
					],
					"port": "3000",
					"path": [
						"user-profile",
						"v1",
						"ro-RO",
						"customers",
						"registration"
					]
				}
			},
			"response": []
		},
		{
			"name": "Get Order Details",
			"request": {
				"auth": {
					"type": "bearer",
					"bearer": [
						{
							"key": "token",
							"value": "GNRbKFTxVSrVchv1awWnljGuXNeJXEj7",
							"type": "string"
						}
					]
				},
				"method": "GET",
				"header": [],
				"url": {
					"raw": "http://localhost:3000/user-profile/v1/{{locale}}-{{country}}/orders/2b3809fe-71a0-4ff7-a3d7-8913f8161e2e",
					"protocol": "http",
					"host": [
						"localhost"
					],
					"port": "3000",
					"path": [
						"user-profile",
						"v1",
						"{{locale}}-{{country}}",
						"orders",
						"2b3809fe-71a0-4ff7-a3d7-8913f8161e2e"
					]
				}
			},
			"response": []
		},
		{
			"name": "Address Autocomplete",
			"request": {
				"method": "GET",
				"header": [],
				"url": {
					"raw": "{{localhost}}user-profile/v1/ro-RO/addresses/autocomplete?address=a\n",
					"host": [
						"{{localhost}}user-profile"
					],
					"path": [
						"v1",
						"ro-RO",
						"addresses",
						"autocomplete"
					],
					"query": [
						{
							"key": "address",
							"value": "a\n"
						}
					]
				}
			},
			"response": []
		},
		{
			"name": "Address Detail",
			"request": {
				"method": "GET",
				"header": [],
				"url": {
					"raw": "{{localhost}}user-profile/v1/ro-RO/addresses/detail?addressId=U3RyYWRhIDIzIEF1Z3VzdCAyLCAwNzAwMDAgQnVmdGVhLCBSb23Dom5pYQ==",
					"host": [
						"{{localhost}}user-profile"
					],
					"path": [
						"v1",
						"ro-RO",
						"addresses",
						"detail"
					],
					"query": [
						{
							"key": "addressId",
							"value": "U3RyYWRhIDIzIEF1Z3VzdCAyLCAwNzAwMDAgQnVmdGVhLCBSb23Dom5pYQ=="
						}
					]
				}
			},
			"response": []
		},
		{
			"name": "Get Customer Orders",
			"request": {
				"auth": {
					"type": "bearer",
					"bearer": [
						{
							"key": "token",
							"value": "GNRbKFTxVSrVchv1awWnljGuXNeJXEj7",
							"type": "string"
						}
					]
				},
				"method": "GET",
				"header": [],
				"url": {
					"raw": "http://localhost:3000/user-profile/v1/{{locale}}-{{country}}/orders?page=2&sort=desc",
					"protocol": "http",
					"host": [
						"localhost"
					],
					"port": "3000",
					"path": [
						"user-profile",
						"v1",
						"{{locale}}-{{country}}",
						"orders"
					],
					"query": [
						{
							"key": "page",
							"value": "2"
						},
						{
							"key": "sort",
							"value": "desc"
						}
					]
				}
			},
			"response": []
		},
		{
			"name": "Get Customer by token",
			"request": {
				"auth": {
					"type": "bearer",
					"bearer": [
						{
							"key": "token",
							"value": "zouB0BfvuOiqMPKY4rzQDU96I7p3BSoI",
							"type": "string"
						}
					]
				},
				"method": "GET",
				"header": [],
				"url": {
					"raw": "{{localhost}}user-profile/v1/{{locale}}-{{country}}/customers",
					"host": [
						"{{localhost}}user-profile"
					],
					"path": [
						"v1",
						"{{locale}}-{{country}}",
						"customers"
					]
				}
			},
			"response": []
		},
		{
			"name": "Update Customer information",
			"request": {
				"auth": {
					"type": "bearer",
					"bearer": [
						{
							"key": "token",
							"value": "Po7YTZKHRiw3DmhbgYOfDrOEc7_PqX-O",
							"type": "string"
						}
					]
				},
				"method": "POST",
				"header": [],
				"body": {
					"mode": "raw",
					"raw": "{\n    \"firstName\": \"Munib\",\n    \"lastName\": \"Faridi\",\n    \"phoneNumber\": \"9634639475\"\n}",
					"options": {
						"raw": {
							"language": "json"
						}
					}
				},
				"url": {
					"raw": "http://localhost:3000/user-profile/v1/{{locale}}-{{country}}/customers/update",
					"protocol": "http",
					"host": [
						"localhost"
					],
					"port": "3000",
					"path": [
						"user-profile",
						"v1",
						"{{locale}}-{{country}}",
						"customers",
						"update"
					]
				}
			},
			"response": []
		},
		{
			"name": "Update Customer OptIn value & send notification",
			"request": {
				"auth": {
					"type": "bearer",
					"bearer": [
						{
							"key": "token",
							"value": "bJreLhi8d2uW4xAun_I7l9JjzdEMPP1q",
							"type": "string"
						}
					]
				},
				"method": "POST",
				"header": [],
				"body": {
					"mode": "raw",
					"raw": "{\n    \"optIn\": true\n}",
					"options": {
						"raw": {
							"language": "json"
						}
					}
				},
				"url": {
					"raw": "http://localhost:3000/user-profile/v1/{{locale}}-{{country}}/customers/marketing-constent",
					"protocol": "http",
					"host": [
						"localhost"
					],
					"port": "3000",
					"path": [
						"user-profile",
						"v1",
						"{{locale}}-{{country}}",
						"customers",
						"marketing-constent"
					]
				}
			},
			"response": []
		},
		{
			"name": "get refresh token",
			"request": {
				"method": "POST",
				"header": [
					{
						"key": "refreshtoken",
						"value": "avonshop-ct-ro-dev:NOknSTzLalb26mV3DQ9Wd0ATR-hoqn7uA-nLRmGgo5g",
						"type": "text"
					}
				],
				"body": {
					"mode": "raw",
					"raw": "",
					"options": {
						"raw": {
							"language": "json"
						}
					}
				},
				"url": {
					"raw": "{{localhost}}user-profile/v1/ro-RO/refresh-token",
					"host": [
						"{{localhost}}user-profile"
					],
					"path": [
						"v1",
						"ro-RO",
						"refresh-token"
					]
				}
			},
			"response": []
		},
		{
			"name": "Customer Login",
			"request": {
				"auth": {
					"type": "bearer",
					"bearer": [
						{
							"key": "token",
							"value": "zouB0BfvuOiqMPKY4rzQDU96I7p3BSoI",
							"type": "string"
						}
					]
				},
				"method": "POST",
				"header": [
					{
						"key": "refreshtoken",
						"value": "avonshop-ct-ro-dev:NOknSTzLalb26mV3DQ9Wd0ATR-hoqn7uA-nLRmGgo5g",
						"type": "text"
					}
				],
				"body": {
					"mode": "raw",
					"raw": "{\n  \"email\": \"hemendra.sing1@hcl.com\",\n  \"password\": \"1234567\"\n}",
					"options": {
						"raw": {
							"language": "json"
						}
					}
				},
				"url": {
					"raw": "{{dev_url}}user-profile/v1/ro-RO/customers/login",
					"host": [
						"{{dev_url}}user-profile"
					],
					"path": [
						"v1",
						"ro-RO",
						"customers",
						"login"
					]
				}
			},
			"response": []
		},
		{
			"name": "Verify password token",
			"request": {
				"method": "POST",
				"header": [
					{
						"key": "token",
						"value": "esG9j3vTIqOzxrLlza4BE6VE1uNbd1-qJ1k6EsFw",
						"type": "text"
					}
				],
				"body": {
					"mode": "raw",
					"raw": "",
					"options": {
						"raw": {
							"language": "json"
						}
					}
				},
				"url": {
					"raw": "{{localhost}}user-profile/v1/ro-RO/verify-token",
					"host": [
						"{{localhost}}user-profile"
					],
					"path": [
						"v1",
						"ro-RO",
						"verify-token"
					]
				}
			},
			"response": []
		},
		{
			"name": "Logout Token",
			"request": {
				"auth": {
					"type": "bearer",
					"bearer": [
						{
							"key": "token",
							"value": "********",
							"type": "string"
						}
					]
				},
				"method": "POST",
				"header": [],
				"url": {
					"raw": "{{localhost}}user-profile/v1/ro-RO/logout",
					"host": [
						"{{localhost}}user-profile"
					],
					"path": [
						"v1",
						"ro-RO",
						"logout"
					]
				}
			},
			"response": []
		},
		{
			"name": "Get My Account Page Data",
			"request": {
				"method": "GET",
				"header": [],
				"url": {
					"raw": "http://localhost:3000/user-profile/v1/ro-RO/?isPreview=false&path=Global,CEE",
					"protocol": "http",
					"host": [
						"localhost"
					],
					"port": "3000",
					"path": [
						"user-profile",
						"v1",
						"ro-RO",
						""
					],
					"query": [
						{
							"key": "isPreview",
							"value": "false"
						},
						{
							"key": "path",
							"value": "Global,CEE"
						}
					]
				}
			},
			"response": []
		},
		{
			"name": "product-notification",
			"request": {
				"method": "POST",
				"header": [
					{
						"key": "sessionKey",
						"value": "bbd63d1a-0fa2-4d6c-a19f-25df0ae867d6",
						"type": "text"
					},
					{
						"key": "customerKey",
						"value": "bbd64d1a-0fa2-4d6c-a19f-25df0ae867d6",
						"type": "text"
					}
				],
				"body": {
					"mode": "raw",
					"raw": "{\r\n    \"productKey\": \"71141\",\r\n    \"variantKey\": \"71141-9161866660405752012\"\r\n}",
					"options": {
						"raw": {
							"language": "json"
						}
					}
				},
				"url": {
					"raw": "{{localhost}}user-profile/v1/ro-RO/notifications/product",
					"host": [
						"{{localhost}}user-profile"
					],
					"path": [
						"v1",
						"ro-RO",
						"notifications",
						"product"
					]
				}
			},
			"response": []
		},
		{
			"name": "adding-to-cart-notifications",
			"request": {
				"method": "POST",
				"header": [
					{
						"key": "sessionKey",
						"value": "bbd63d1a-0fa2-4d6c-a19f-25df0ae867d6",
						"type": "text"
					},
					{
						"key": "customerKey",
						"value": "bbe63d1a-0fa2-4d6c-a19f-25df0ae867d6",
						"type": "text"
					}
				],
				"body": {
					"mode": "raw",
					"raw": "{\r\n    \"productKey\": \"1224451\",\r\n    \"variantKey\": \"107846-9161866660405759265\"\r\n}",
					"options": {
						"raw": {
							"language": "json"
						}
					}
				},
				"url": {
					"raw": "localhost:3001/user-profile/v1/ro-RO/notifications/adding-to-cart",
					"host": [
						"localhost"
					],
					"port": "3001",
					"path": [
						"user-profile",
						"v1",
						"ro-RO",
						"notifications",
						"adding-to-cart"
					]
				}
			},
			"response": []
		},
		{
			"name": "Get Wishlist details by Wishlist Id",
			"request": {
				"method": "GET",
				"header": [],
				"url": {
					"raw": "http://localhost:3001/user-profile/v1/ro-RO/wishlists/8c90b184-5d82-41bd-a98e-e15831f73c2f",
					"protocol": "http",
					"host": [
						"localhost"
					],
					"port": "3001",
					"path": [
						"user-profile",
						"v1",
						"ro-RO",
						"wishlists",
						"8c90b184-5d82-41bd-a98e-e15831f73c2f"
					]
				}
			},
			"response": []
		},
		{
			"name": "Move LineItem from Wishlist to Cart",
			"request": {
				"method": "POST",
				"header": [],
				"body": {
					"mode": "raw",
					"raw": "{\r\n    \"cartId\": \"d23e3cdc-bdb5-4298-a805-1f5de825e8c1\"\r\n}",
					"options": {
						"raw": {
							"language": "json"
						}
					}
				},
				"url": {
					"raw": "http://localhost:3001/user-profile/v1/ro-RO/wishlists/8c90b184-5d82-41bd-a98e-e15831f73c2f/cart/lineitems/f0185b2b-2d93-409e-9951-012453f62741",
					"protocol": "http",
					"host": [
						"localhost"
					],
					"port": "3001",
					"path": [
						"user-profile",
						"v1",
						"ro-RO",
						"wishlists",
						"8c90b184-5d82-41bd-a98e-e15831f73c2f",
						"cart",
						"lineitems",
						"f0185b2b-2d93-409e-9951-012453f62741"
					]
				}
			},
			"response": []
		},
		{
			"name": "Move all LineItems from Wishlist to Cart",
			"request": {
				"method": "POST",
				"header": [],
				"body": {
					"mode": "raw",
					"raw": "{\n    \"cartId\": \"a97c04b1-1715-4625-ad59-3a6b834ee26f\"\n}",
					"options": {
						"raw": {
							"language": "json"
						}
					}
				},
				"url": {
					"raw": "http://localhost:3001/user-profile/v1/ro-RO/wishlists/30586ba4-d218-4ad2-b56a-254b8cf6d939/cart/lineitems",
					"protocol": "http",
					"host": [
						"localhost"
					],
					"port": "3001",
					"path": [
						"user-profile",
						"v1",
						"ro-RO",
						"wishlists",
						"30586ba4-d218-4ad2-b56a-254b8cf6d939",
						"cart",
						"lineitems"
					]
				}
			},
			"response": []
		},
		{
			"name": "Delete LineItem From Wishlist",
			"request": {
				"method": "DELETE",
				"header": [],
				"url": {
					"raw": "{{localhost}}user-profile/v1/ro-RO/wishlists/855c707b-00db-4a77-b54b-a2c8bd16c85c/lineitems/0b7b0787-f8e1-4448-96ee-39aed44582e7",
					"host": [
						"{{localhost}}user-profile"
					],
					"path": [
						"v1",
						"ro-RO",
						"wishlists",
						"855c707b-00db-4a77-b54b-a2c8bd16c85c",
						"lineitems",
						"0b7b0787-f8e1-4448-96ee-39aed44582e7"
					]
				}
			},
			"response": []
		}
	]
}